{"redpajama_incite_3b_chat": {"hallucination_score": 0.6809662230015213, "response_ratio": 1.0, "utility_score": 0.3190337769984787}, "alpaca_7b": {"hallucination_score": 0.6124286051420933, "response_ratio": 0.7215189873417721, "utility_score": 0.279640120340515}, "gpt_4_0125_turbo": {"hallucination_score": 0.13164119080897455, "response_ratio": 0.9465875370919882, "utility_score": 0.8219776265042644}, "mistral_7b_instruct": {"hallucination_score": 0.5156544814950977, "response_ratio": 0.9868035190615836, "utility_score": 0.4779538621023449}, "redpajama_incite_7b_chat": {"hallucination_score": 0.6868110955756845, "response_ratio": 1.0, "utility_score": 0.31318890442431546}, "llama_2_13b_chat": {"hallucination_score": 0.5056679672577574, "response_ratio": 0.998533724340176, "utility_score": 0.4936072057147613}, "falcon_40b_instruct": {"hallucination_score": 0.501594055899719, "response_ratio": 0.9956011730205279, "utility_score": 0.49621354258664335}, "llama_2_7b_chat": {"hallucination_score": 0.5093986413879841, "response_ratio": 0.9530791788856305, "utility_score": 0.46758194002611475}, "llama_2_70b_chat": {"hallucination_score": 0.3386667304888982, "response_ratio": 0.6480938416422287, "utility_score": 0.4286060192432654}, "llama_3_70b_chat": {"hallucination_score": 0.3464253328396533, "response_ratio": 0.9838709677419355, "utility_score": 0.6430331402706637}, "olmo_7b_instruct": {"hallucination_score": 0.6219682060515049, "response_ratio": 0.9780058651026393, "utility_score": 0.3697173116769006}, "mixtral_8x7b_instruct": {"hallucination_score": 0.3264188066830378, "response_ratio": 0.998533724340176, "utility_score": 0.6725935376082863}, "llama_3_8b_chat": {"hallucination_score": 0.4514137839694167, "response_ratio": 0.8724340175953079, "utility_score": 0.4786052764489693}, "gpt_3.5_turbo_0125": {"hallucination_score": 0.1703816224858672, "response_ratio": 1.0, "utility_score": 0.8296183775141327}}