{"llama_3_8b_chat": {"hallucination_score": 0.05298013245033112, "response_ratio": 0.9741935483870968, "utility_score": 0.9225806451612903}, "mixtral_8x7b_instruct": {"hallucination_score": 0.05830252618607516, "response_ratio": 0.9972350230414746, "utility_score": 0.9390937019969278}, "gpt_3.5_turbo_0125": {"hallucination_score": 0.059864573714989225, "response_ratio": 0.9981566820276497, "utility_score": 0.9384024577572966}, "falcon_40b_instruct": {"hallucination_score": 0.06357054836722119, "response_ratio": 0.9972350230414746, "utility_score": 0.9338402457757297}, "mistral_7b_instruct": {"hallucination_score": 0.01788090485695276, "response_ratio": 0.9235023041474655, "utility_score": 0.906989247311828}, "llama_3_70b_chat": {"hallucination_score": 0.05533026113671275, "response_ratio": 1.0, "utility_score": 0.9446697388632873}, "olmo_7b_instruct": {"hallucination_score": 0.06359365372766482, "response_ratio": 0.9972350230414746, "utility_score": 0.9338172043010753}, "llama_2_70b_chat": {"hallucination_score": 0.06251404443477945, "response_ratio": 0.9972350230414746, "utility_score": 0.9348938284991416}, "llama_2_13b_chat": {"hallucination_score": 0.0656124031007752, "response_ratio": 0.9907834101382489, "utility_score": 0.9257757296466974}, "llama_2_7b_chat": {"hallucination_score": 0.0634621426327364, "response_ratio": 0.9778801843317972, "utility_score": 0.9158218125960061}, "gpt_4_0125_turbo": {"hallucination_score": 0.03983965464076473, "response_ratio": 0.9963133640552996, "utility_score": 0.9566205837173579}, "redpajama_incite_3b_chat": {"hallucination_score": 0.04133640552995392, "response_ratio": 1.0, "utility_score": 0.9586635944700461}, "redpajama_incite_7b_chat": {"hallucination_score": 0.04524432426094476, "response_ratio": 0.9981566820276497, "utility_score": 0.952995757442762}, "alpaca_7b": {"hallucination_score": 0.0, "response_ratio": 0.9576036866359448, "utility_score": 0.9576036866359448}}