{"llama_3_8b_chat": {"hallucination_score": 0.8002144193648346, "response_ratio": 0.5202952029520295, "utility_score": 0.4797047970479705}, "llama_2_7b_chat": {"hallucination_score": 0.8654232348083342, "response_ratio": 0.49538745387453875, "utility_score": 0.5046125461254612}, "olmo_7b_instruct": {"hallucination_score": 0.8466040812977824, "response_ratio": 0.43357933579335795, "utility_score": 0.566420664206642}, "mistral_7b_instruct": {"hallucination_score": 0.8014622498106666, "response_ratio": 0.3274907749077491, "utility_score": 0.672509225092251}, "redpajama_incite_3b_chat": {"hallucination_score": 0.8664093689084479, "response_ratio": 0.9880073800738007, "utility_score": 0.011992619926199263}, "llama_2_70b_chat": {"hallucination_score": 0.8803769213978162, "response_ratio": 0.7970479704797048, "utility_score": 0.2029520295202952}, "gpt_3.5_turbo_0125": {"hallucination_score": 0.6754362331281353, "response_ratio": 0.37822878228782286, "utility_score": 0.6217712177121771}, "llama_3_70b_chat": {"hallucination_score": 0.7358026181725248, "response_ratio": 0.5479704797047971, "utility_score": 0.45202952029520294}, "falcon_40b_instruct": {"hallucination_score": 0.8771796164208667, "response_ratio": 0.8440959409594095, "utility_score": 0.1559040590405904}, "redpajama_incite_7b_chat": {"hallucination_score": 0.9161570399654753, "response_ratio": 0.8413284132841329, "utility_score": 0.15867158671586715}, "mixtral_8x7b_instruct": {"hallucination_score": 0.868439666386058, "response_ratio": 0.8099630996309963, "utility_score": 0.1900369003690037}, "llama_2_13b_chat": {"hallucination_score": 0.8791477480537494, "response_ratio": 0.9464944649446494, "utility_score": 0.05350553505535055}, "alpaca_7b": {"hallucination_score": 0.9130987042665714, "response_ratio": 0.6974169741697417, "utility_score": 0.3025830258302583}, "gpt_4_0125_turbo": {"hallucination_score": 0.6501072786123056, "response_ratio": 0.39022140221402213, "utility_score": 0.6097785977859779}}