{"olmo_7b_instruct": {"hallucination_score": 1.0, "response_ratio": 0.66, "utility_score": 0.34}, "mixtral_8x7b_instruct": {"hallucination_score": 1.0, "response_ratio": 0.3526666666666667, "utility_score": 0.6473333333333333}, "falcon_40b_instruct": {"hallucination_score": 1.0, "response_ratio": 0.784, "utility_score": 0.216}, "alpaca_7b": {"hallucination_score": 1.0, "response_ratio": 0.8706666666666667, "utility_score": 0.12933333333333333}, "redpajama_INCITE_3b_chat": {"hallucination_score": 1.0, "response_ratio": 0.626, "utility_score": 0.374}, "gpt_3.5_turbo_0125": {"hallucination_score": 1.0, "response_ratio": 0.036569148936170214, "utility_score": 0.9634308510638298}, "llama_2_13b_chat": {"hallucination_score": 1.0, "response_ratio": 0.2713333333333333, "utility_score": 0.7286666666666667}, "llama_3_70b_chat": {"hallucination_score": 1.0, "response_ratio": 0.0006666666666666666, "utility_score": 0.9993333333333333}, "llama_2_70b_chat": {"hallucination_score": 1.0, "response_ratio": 0.0006666666666666666, "utility_score": 0.9993333333333333}, "redpajama_INCITE_7b_chat": {"hallucination_score": 1.0, "response_ratio": 0.5106666666666667, "utility_score": 0.48933333333333334}, "llama_3_8b_chat": {"hallucination_score": 1.0, "response_ratio": 0.07266666666666667, "utility_score": 0.9273333333333333}, "mistral_7b_instruct": {"hallucination_score": 1.0, "response_ratio": 0.6793333333333333, "utility_score": 0.32066666666666666}, "llama_2_7b_chat": {"hallucination_score": 1.0, "response_ratio": 0.0026666666666666666, "utility_score": 0.9973333333333333}, "gpt_4_0125_turbo": {"hallucination_score": 1.0, "response_ratio": 0.0019946808510638296, "utility_score": 0.9980053191489362}}