{"llama_2_13b_chat": {"hallucination_score": 0.7789837553744993, "response_ratio": 0.9990138067061144, "utility_score": 0.22079827988721132}, "llama_2_7b_chat": {"hallucination_score": 0.8305040420659332, "response_ratio": 0.9881656804733728, "utility_score": 0.16749008860940331}, "gpt_4_0125_turbo": {"hallucination_score": 0.6342560319606712, "response_ratio": 1.0, "utility_score": 0.3657439680393288}, "alpaca_7b": {"hallucination_score": 0.9398940333299955, "response_ratio": 1.0, "utility_score": 0.06010596667000446}, "redpajama_incite_3b_chat": {"hallucination_score": 0.863119265275612, "response_ratio": 1.0, "utility_score": 0.13688073472438805}, "olmo_7b_instruct": {"hallucination_score": 0.8674074990353982, "response_ratio": 0.980276134122288, "utility_score": 0.12997726425918577}, "gpt_3.5_turbo_0125": {"hallucination_score": 0.6590488395411901, "response_ratio": 1.0, "utility_score": 0.34095116045880997}, "llama_2_70b_chat": {"hallucination_score": 0.8105228052144202, "response_ratio": 0.9901380670611439, "utility_score": 0.1876085833971618}, "mixtral_8x7b_instruct": {"hallucination_score": 0.6548486464276497, "response_ratio": 0.9960552268244576, "utility_score": 0.3437898097712758}, "mistral_7b_instruct": {"hallucination_score": 0.7507468245269641, "response_ratio": 0.9013806706114399, "utility_score": 0.22467199445991606}, "llama_3_8b_chat": {"hallucination_score": 0.8553818028521879, "response_ratio": 0.9990138067061144, "utility_score": 0.14447557565161115}, "redpajama_incite_7b_chat": {"hallucination_score": 0.9033230595280065, "response_ratio": 0.9980276134122288, "utility_score": 0.0964862561712598}, "falcon_40b_instruct": {"hallucination_score": 0.6576386448609587, "response_ratio": 0.978021978021978, "utility_score": 0.3348369297513701}, "llama_3_70b_chat": {"hallucination_score": 0.6882647543674604, "response_ratio": 0.9970414201183432, "utility_score": 0.3108129520064079}}