{"llama_2_13b_chat": {"hallucination_score": 0.5828041847041847, "response_ratio": 1.0, "utility_score": 0.4171958152958153}, "llama_2_7b_chat": {"hallucination_score": 0.5657198412698412, "response_ratio": 1.0, "utility_score": 0.43428015873015874}, "gpt_3.5_turbo_0125": {"hallucination_score": 0.8279335497835497, "response_ratio": 1.0, "utility_score": 0.17206645021645023}, "llama_3_8b_chat": {"hallucination_score": 0.8863880952380953, "response_ratio": 1.0, "utility_score": 0.11361190476190476}, "alpaca_7b": {"hallucination_score": 0.5451363876863877, "response_ratio": 1.0, "utility_score": 0.4548636123136124}, "mistral_7b_instruct": {"hallucination_score": 0.7878717799779216, "response_ratio": 0.9986666666666667, "utility_score": 0.2118453823953824}, "mixtral_8x7b_instruct": {"hallucination_score": 0.7731171078056892, "response_ratio": 0.9633333333333334, "utility_score": 0.2185638528138528}, "gpt_4_0125_turbo": {"hallucination_score": 0.8554982215851781, "response_ratio": 0.9966666666666667, "utility_score": 0.14402010582010583}, "olmo_7b_instruct": {"hallucination_score": 0.874255270239206, "response_ratio": 0.996, "utility_score": 0.12524175084175085}, "falcon_40b_instruct": {"hallucination_score": 0.7084997207985714, "response_ratio": 0.87, "utility_score": 0.2536052429052429}, "redpajama_incite_7b_chat": {"hallucination_score": 0.8064193576042709, "response_ratio": 0.9986666666666667, "utility_score": 0.1933225348725349}, "llama_2_70b_chat": {"hallucination_score": 0.8376222222222223, "response_ratio": 1.0, "utility_score": 0.1623777777777778}, "llama_3_70b_chat": {"hallucination_score": 0.8680597875340363, "response_ratio": 0.932, "utility_score": 0.12296827801827802}, "redpajama_incite_3b_chat": {"hallucination_score": 0.39206450216450217, "response_ratio": 1.0, "utility_score": 0.6079354978354978}}