{"olmo_7b_instruct": {"hallucination_score": 0.7542973344247796, "response_ratio": 0.947752808988764, "utility_score": 0.052247191011235955}, "redpajama_incite_7b_chat": {"hallucination_score": 0.6121812396384039, "response_ratio": 0.8578651685393258, "utility_score": 0.14213483146067415}, "gpt_4_turbo_0125": {"hallucination_score": 0.3319882256501974, "response_ratio": 0.4786516853932584, "utility_score": 0.5213483146067416}, "gpt_3.5_turbo_0125": {"hallucination_score": 0.6150900900900901, "response_ratio": 0.6651685393258427, "utility_score": 0.3348314606741573}, "mixtral_8x7b_instruct": {"hallucination_score": 0.5853060090132363, "response_ratio": 0.7707865168539326, "utility_score": 0.2292134831460674}, "llama_2_70b_chat": {"hallucination_score": 0.7726435736331568, "response_ratio": 0.8089887640449438, "utility_score": 0.19101123595505617}, "redpajama_incite_3b_chat": {"hallucination_score": 0.7016780688330783, "response_ratio": 0.8915730337078651, "utility_score": 0.10842696629213483}, "falcon_40b_instruct": {"hallucination_score": 0.7407533098709569, "response_ratio": 0.744943820224719, "utility_score": 0.2550561797752809}, "llama_3_70b_chat": {"hallucination_score": 0.5571149031332798, "response_ratio": 0.7337078651685394, "utility_score": 0.2662921348314607}, "alpaca_7b": {"hallucination_score": 0.7185792349726776, "response_ratio": 0.034269662921348316, "utility_score": 0.9657303370786516}, "llama_2_13b_chat": {"hallucination_score": 0.7535147585647402, "response_ratio": 0.7955056179775281, "utility_score": 0.20449438202247192}, "llama_3_8b_chat": {"hallucination_score": 0.6301724391986974, "response_ratio": 0.7702247191011236, "utility_score": 0.22977528089887642}, "llama_2_7b_chat": {"hallucination_score": 0.7561433447098976, "response_ratio": 0.8230337078651685, "utility_score": 0.17696629213483145}, "mistral_7b_instruct": {"hallucination_score": 0.7822625763574991, "response_ratio": 0.7634831460674157, "utility_score": 0.23651685393258426}}