{"mistral_7b_instruct": {"hallucination_score": 0.10255, "response_ratio": 1.0, "utility_score": 0.89745}, "llama_2_70b_chat": {"hallucination_score": 0.06523571428571429, "response_ratio": 1.0, "utility_score": 0.9347642857142857}, "redpajama_incite_3b_chat": {"hallucination_score": 0.3711527777777777, "response_ratio": 1.0, "utility_score": 0.6288472222222222}, "mixtral_8x7b_instruct": {"hallucination_score": 0.08478452380952381, "response_ratio": 1.0, "utility_score": 0.9152154761904763}, "redpajama_incite_7b_chat": {"hallucination_score": 0.4695449756329765, "response_ratio": 0.997, "utility_score": 0.5288636592939224}, "llama_3_70b_chat": {"hallucination_score": 0.08334647779092223, "response_ratio": 0.999, "utility_score": 0.9157368686868687}, "olmo_7b_instruct": {"hallucination_score": 0.14359126984126983, "response_ratio": 1.0, "utility_score": 0.8564087301587301}, "llama_2_7b_chat": {"hallucination_score": 0.09458333333333334, "response_ratio": 1.0, "utility_score": 0.9054166666666668}, "gpt_3.5_turbo_0125": {"hallucination_score": 0.0630388888888889, "response_ratio": 1.0, "utility_score": 0.936961111111111}, "llama_2_13b_chat": {"hallucination_score": 0.09025833333333333, "response_ratio": 1.0, "utility_score": 0.9097416666666667}, "llama_3_8b_chat": {"hallucination_score": 0.10163525631803577, "response_ratio": 0.993, "utility_score": 0.8920761904761905}, "gpt_4_0125_turbo": {"hallucination_score": 0.04962777777777778, "response_ratio": 1.0, "utility_score": 0.9503722222222223}, "alpaca_7b": {"hallucination_score": 0.30826779160112494, "response_ratio": 0.999, "utility_score": 0.6910404761904763}, "falcon_40b_instruct": {"hallucination_score": 0.13260446818711746, "response_ratio": 0.981, "utility_score": 0.8509150167084378}}