{"llama_2_13b_chat": {"hallucination_score": 0.033967445389859185, "response_ratio": 0.9984350547730829, "utility_score": 0.9645207665747572}, "alpaca_7b": {"hallucination_score": 0.6971574271336078, "response_ratio": 1.0, "utility_score": 0.30284257286639227}, "mistral_7b_instruct": {"hallucination_score": 0.05528355317087712, "response_ratio": 1.0, "utility_score": 0.9447164468291228}, "gpt_4_0125_turbo": {"hallucination_score": 0.03329448981367541, "response_ratio": 0.9992175273865415, "utility_score": 0.9659490895993246}, "mixtral_8x7b_instruct": {"hallucination_score": 0.038525654488095806, "response_ratio": 1.0, "utility_score": 0.9614743455119042}, "gpt_3.5_turbo_0125": {"hallucination_score": 0.02200048514703687, "response_ratio": 0.9984350547730829, "utility_score": 0.9764689991802669}, "olmo_7b_instruct": {"hallucination_score": 0.08925988173046998, "response_ratio": 0.9976525821596244, "utility_score": 0.9086022306679583}, "falcon_40b_instruct": {"hallucination_score": 0.1449360804269579, "response_ratio": 0.9006259780907668, "utility_score": 0.7700927788955958}, "llama_3_8b_chat": {"hallucination_score": 0.040341928602798165, "response_ratio": 0.9898278560250391, "utility_score": 0.9498962913282162}, "llama_2_7b_chat": {"hallucination_score": 0.042423280423280425, "response_ratio": 0.9976525821596244, "utility_score": 0.9553288869016568}, "llama_2_70b_chat": {"hallucination_score": 0.028235629350652824, "response_ratio": 1.0, "utility_score": 0.9717643706493471}, "llama_3_70b_chat": {"hallucination_score": 0.020482654037861554, "response_ratio": 0.9992175273865415, "utility_score": 0.9787509004645155}, "redpajama_incite_3b_chat": {"hallucination_score": 0.161923081700077, "response_ratio": 1.0, "utility_score": 0.838076918299923}, "redpajama_incite_7b_chat": {"hallucination_score": 0.4639640592682829, "response_ratio": 0.9906103286384976, "utility_score": 0.5310027394102925}}